Trend,Count
#REDMIPad2Pro,0
#AnimalsNotInmates,0
#REDMINote,1511000
#HMDTouch4G,0
#XiaomiFans,0
Steve Smith,0
5520 mAh,0
Aman Rao,0
IP66 Rating,0
12000mAh Battery,0
SHILPAKALA VEDIKA,0
Madras High Court,0
Mellisa,15000
गंगाराम अस्पताल,0
भगवान श्री गणेश,0
Deepathoon,0
भारतेन्दु हरिश्चंद्र,0
Jap Mahima,20000
Mantra Shakti,20000
मोदी शाह,0
सुरेश कलमाड़ी,0
1 YEAR OF MANVIK,0
Mumbai Samachar,0
श्री हनुमान,35000
Madras HC,0
सुनील कुमार,0
Ossenna's Design Challenge,0
Devdutt Padikkal,0
आधुनिक हिन्दी साहित्य,0
श्री कपिल देव,0
शिखर धवन,0
वीर हनुमान,11000
सौरभ द्विवेदी,0
Mahindra,0
हनुमान ज्ञान,0
CES,202624000
भगवान गणेश,0
भारतीय क्रिकेट,0
Jamnagar,0
Root,46000
हिमाचल प्रदेश,0
Osama Bin Laden,12000
इंदिरा गांधी,0
Happy Birthday Sir,0
विदेश नीति,0
Saurabh Dwivedi,0
ONGC,0
#FasterStrongerSimplyBetter,0
#SoniaGandhi,0
#Thiruparankundram,0
#REDMIPad2Pro,0
#HMDTouch4G,0
#REDMINote,15
#XiaomiFans,0
Steve Smith,0
#Thiruparankundram,0
Jap Mahima,19000
Mantra Shakti,19000
Mellisa,13000
12000 mAh,0
भगवान श्री गणेश,0
भारतेन्दु हरिश्चंद्र,0
सुरेश कलमाड़ी,0
श्री हनुमान,34000
Mumbai Samachar,0
1 YEAR OF MANVIK,0
मोदी शाह,0
Madras HC,0
Ossenna's Design Challenge,0
वीर हनुमान,10000
Devdutt Padikkal,0
कपिल देव,0
शिखर धवन,0
आधुनिक हिन्दी साहित्य,0
राजीव तलवार,0
सौरभ द्विवेदी,0
हनुमान ज्ञान,0
भगवान गणेश,0
Mahindra,0
Happy Birthday Sir,0
Jamnagar,0
Gift Nifty,0
CES,202623000
भारतीय क्रिकेट,0
हिमाचल प्रदेश,0
Osama Bin Laden,12000
Saurabh Dwivedi,0
इंदिरा गांधी,0
ONGC,0
#RukminiVasanth,0
#FasterStrongerSimplyBetter,0
#SanatanDharma,22000
#Ashes,2025
#SureshKalmadi,0
#HappyBirthdayARRahman,0
#UPTET_अधिसूचना_जारी_करो,12000
#KapilDev,0
#GodMorningTuesday,0
#KarthigaiDeepam,0
#AUSvENG,0
#REDMIPad2Pro,0
#HMDTouch4G,0
#REDMINote,15
#XiaomiFans,0
Steve Smith,0
#Thiruparankundram,0
Jap Mahima,19000
Mantra Shakti,19000
Mellisa,13000
12000 mAh,0
भगवान श्री गणेश,0
भारतेन्दु हरिश्चंद्र,0
सुरेश कलमाड़ी,0
श्री हनुमान,34000
Mumbai Samachar,0
1 YEAR OF MANVIK,0
मोदी शाह,0
Madras HC,0
Ossenna's Design Challenge,0
वीर हनुमान,10000
Devdutt Padikkal,0
कपिल देव,0
शिखर धवन,0
आधुनिक हिन्दी साहित्य,0
राजीव तलवार,0
सौरभ द्विवेदी,0
हनुमान ज्ञान,0
भगवान गणेश,0
Mahindra,0
Happy Birthday Sir,0
Jamnagar,0
Gift Nifty,0
CES,202623000
भारतीय क्रिकेट,0
हिमाचल प्रदेश,0
Osama Bin Laden,12000
Saurabh Dwivedi,0
इंदिरा गांधी,0
ONGC,0
#RukminiVasanth,0
#FasterStrongerSimplyBetter,0
#SanatanDharma,22000
#Ashes,2025
#SureshKalmadi,0
#HappyBirthdayARRahman,0
#UPTET_अधिसूचना_जारी_करो,12000
#KapilDev,0
#GodMorningTuesday,0
#KarthigaiDeepam,0
#AUSvENG,0
#REDMIPad2Pro,0
#HMDTouch4G,0
#SanatanDharma,21000
#REDMINote,15
#XiaomiFans,0
Jap Mahima,18000
Mantra Shakti,18000
भगवान श्री गणेश,0
श्री हनुमान,32000
भारतेंदु हरिश्चंद्र,0
सुरेश कलमाड़ी,0
1 YEAR OF MANVIK,0
Steve Smith,0
Mumbai Samachar,0
वीर हनुमान,0
श्री कपिल देव,0
आधुनिक हिन्दी साहित्य,0
राजीव तलवार,0
सौरभ द्विवेदी,0
हनुमान ज्ञान,0
भारतीय क्रिकेट,0
Jai Bajrangbali,0
हिमाचल प्रदेश,0
Gift Nifty,0
Osama,23000
Saurabh Dwivedi,0
इंदिरा गांधी,0
ONGC,0
#RukminiVasanth,0
#GodMorningTuesday,0
#SureshKalmadi,0
#Thiruparankundram,0
#HappyBirthdayARRahman,0
#UPTET_अधिसूचना_जारी_करो,0
#TheRajaSaabFestival,0
#KapilDev,0
#TresGracas,41000
#ChikiriChikiri,0
#TravisHead,0
#TuesdayFeeling,0
#HappyTuesday,0
#MaduraiHighCourt,0
#FasterStrongerSimplyBetter,0
#TuesdayMotivaton,0
#Trent,0
#BharatenduHarishchandra,0
#Reliance,0
#WWERaw,81000
#sankashtichaturthi,0
#ashes,25
#HMDTouch4G,0
#SanatanDharma,19000
Jap Mahima,16000
Mantra Shakti,17000
#GodMorningTuesday,0
श्री हनुमान,30000
#SureshKalmadi,0
#HappyBirthdayARRahman,0
भगवान श्री गणेश,0
भारतेंदु हरिश्चंद्र,0
1 YEAR OF MANVIK,0
Travis Head,0
Mumbai Samachar,0
वीर हनुमान,0
सुरेश कलमाड़ी,0
आधुनिक हिन्दी साहित्य,0
श्री कपिल देव,0
Steve Smith,0
राजीव तलवार,0
Bron,17000
हनुमान ज्ञान,0
हिमाचल प्रदेश,0
Jai Bajrangbali,0
सौरभ द्विवेदी,0
GIFT Nifty,0
Saurabh Dwivedi,0
ONGC,0
#TheRajaSaabFestival,0
#TuesdayFeeling,0
#KapilDev,0
#WWERaw,77000
#UPTET_अधिसूचना_जारी_करो,0
#ashes,25
#TuesdayMotivaton,0
#tuesdayvibe,0
#SankashtiChaturthi,0
#Trent,0
#bbvipks,416000
#जय_बजरंगबली,0
#किसानगौरव_सम्मान_संतरामपालजी,207000
#REDMIPad2Pro,0
#AUSvENG,0
#Reliance,0
#stockmarketsindia,0
#GoodMorningEveryone,0
#REDMINote,15
#VenezuelaCrisis,0
#earthquake,0
Jap Mahima,14000
#SanatanDharma,16000
#किसानगौरव_सम्मान_संतरामपालजी,204000
Visit Sa News YouTube,151000
#GodMorningTuesday,0
श्री राम,67000
Sant Shri Asharamji Bapu,26000
Venezuela5.,1000000
Trump5.,1000000
श्री हनुमान,26000
#UlagamUngalKaiyil,63000
#UmarKhalid,32000
सौरभ द्विवेदी,0
उमर खालिद,69000
भगवान श्री गणेश,0
भारतेन्दु हरिश्चंद्र,0
कल्याण सिंह,13000
Greenland,345000
Travis Head,0
Amorim,545000
वीर हनुमान,0
मुरली मनोहर जोशी,0
पूर्व मुख्यमंत्री,12000
Lallantop,0
Rhea Ripley,0
1 YEAR OF MANVIK,0
Mumbai Samachar,0
सुरेश कलमाड़ी,0
Kisan Gaurav Samman,0
सोमनाथ मंदिर,25000
पवन सिंह,0
सुप्रीम कोर्ट,42000
श्री कपिल देव,0
America1.,4000000
UAPA,27000
magh snan,0
brahma muhurt,0
श्री जयराम ठाकुर,0
Manchester United,263000
राम रहीम,16000
INEOS,67000
Miraflores Palace,10000
China,687000
Bron,17000
blverma with kalyansinghji,0
आधुनिक हिन्दी साहित्य,0
Supreme Court,104000
Ram Rahim,28000
Russian,254000
Joe Root,11000
Jap Mahima,0
#SanatanDharma,0
#किसानगौरव_सम्मान_संतरामपालजी,201000
#GodMorningTuesday,0
Visit Sa News YouTube,149000
श्री राम,61000
Sant Shri Asharamji Bapu,24000
श्री हनुमान,22000
Venezuela4.,8000000
Trump4.,8000000
#UlagamUngalKaiyil,65000
#UmarKhalid,31000
भारतेंदु हरिश्चंद्र,0
सौरभ द्विवेदी,0
उमर खालिद,67000
Travis Head,0
कल्याण सिंह,15000
भगवान श्री गणेश,0
वीर हनुमान,0
Greenland,347000
Amorim,544000
1 YEAR OF MANVIK,0
मुरली मनोहर जोशी,0
Gunther,10000
पूर्व मुख्यमंत्री,13000
Lallantop,0
Rhea Ripley,0
AJ Styles,0
आधुनिक हिन्दी साहित्य,0
Kisan Gaurav Samman,0
सोमनाथ मंदिर,26000
श्री कपिल देव,0
पवन सिंह,0
सुप्रीम कोर्ट,42000
America1.,4000000
UAPA,27000
Manchester United,262000
श्री जयराम ठाकुर,0
Magh Snan,12000
Brahma Muhurt,12000
राम रहीम,16000
INEOS,67000
Miraflores Palace,0
हनुमान ज्ञान,0
Becky Lynch,0
China,689000
GIFT Nifty,0
प्रभात वंदन,0
Moni Chakraborty,0
Supreme Court,103000
#GodMorningTuesday,0
#किसानगौरव_सम्मान_संतरामपालजी,197000
Visit Sa News YouTube,147000
श्री राम,56000
श्री हनुमान,18000
Venezuela3.,3000000
Trump3.,1000000
#UmarKhalid,31000
#UlagamUngalKaiyil,67000
#WWERaw,44000
उमर खालिद,66000
सौरभ द्विवेदी,0
भारतेंदु हरिश्चंद्र,0
कल्याण सिंह,16000
Gunther,0
Greenland,352000
भगवान श्री गणेश,0
Travis Head,0
Amorim,542000
मुरली मनोहर जोशी,0
पूर्व मुख्यमंत्री,14000
आधुनिक हिन्दी साहित्य,0
Lallantop,0
वीर हनुमान,0
Rhea Ripley,0
AJ Styles,0
Miraflores Palace,0
सोमनाथ मंदिर,27000
पवन सिंह,0
Kisan Gaurav Samman,0
America1.,3000000
सुप्रीम कोर्ट,42000
UAPA,26000
हनुमान ज्ञान,0
Manchester United,261000
प्रभात वंदन,0
Becky Lynch,0
राम रहीम,17000
INEOS,66000
Magh Snan,19000
Brahma Muhurt,19000
China,694000
सुशील कुमार मोदी,0
Joe Root,13000
Supreme Court,101000
Ram Rahim,33000
Russia,781000
Iran1.,2000000
Wilcox,35000
मीरान हैदर,0
#किसानगौरव_सम्मान_संतरामपालजी,193000
Visit Sa News YouTube,143000
#GodMorningTuesday,0
Venezuela,3000000
Trump,3000000
#UmarKhalid,30000
#UlagamUngalKaiyil,67000
श्री हनुमान,13000
श्री राम,52000
उमर खालिद,64000
#HBDKanimozhi,15000
सौरभ द्विवेदी,0
कल्याण सिंह,17000
Greenland,352000
मुरली मनोहर जोशी,0
Rhea Ripley,0
Amorim,541000
भगवान श्री गणेश,0
Travis Head,0
पूर्व मुख्यमंत्री,15000
Lallantop,0
वीर हनुमान,0
पवन सिंह,0
सोमनाथ मंदिर,26000
America1.,4000000
Kisan Gaurav Samman,0
सुप्रीम कोर्ट,41000
Manchester United,259000
UAPA,26000
Ram Rahim,38000
INEOS,66000
राम रहीम,17000
Magh Snan,25000
Brahma Muhurt,25000
China,699000
Joe Root,14000
सुशील कुमार मोदी,0
Supreme Court,101000
श्री सिद्धि विनायक नमो,0
हनुमान ज्ञान,0
Russia,805000
Iran1.,2000000
Wilcox,35000
मीरान हैदर,0
संकट मोचन हनुमान,0
पूर्व राष्ट्रीय,0
Cuba,554000
शादाब अहमद,0
वीर बजरंगी,0
भगवत दयाल शर्मा,0
#किसानगौरव_सम्मान_संतरामपालजी,189000
Visit Sa News YouTube,141000
Venezuela,3000000
Trump,3000000
#UmarKhalid,30000
#UlagamUngalKaiyil,67000
उमर खालिद,63000
#HBDKanimozhi,15000
#GodMorningTuesday,0
सौरभ द्विवेदी,0
कल्याण सिंह,17000
Greenland,353000
मुरली मनोहर जोशी,0
Amorim,539000
पूर्व मुख्यमंत्री,15000
Lallantop,0
भगवान श्री गणेश,0
श्री हनुमान,10000
पवन सिंह,0
सोमनाथ मंदिर,26000
America1.,4000000
श्री राम,49000
Kisan Gaurav Samman,0
Manchester United,258000
सुप्रीम कोर्ट,41000
UAPA,26000
Ram Rahim,38000
INEOS,66000
राम रहीम,17000
Magh Snan,25000
Brahma Muhurt,25000
Joe Root,15000
China,704000
सुशील कुमार मोदी,0
Supreme Court,101000
Russia,831000
Iran1.,2000000
Cancelo,72000
Wilcox,35000
श्री सिद्धि विनायक नमो,0
मीरान हैदर,0
पूर्व राष्ट्रीय,0
Cuba,556000
शादाब अहमद,0
पुलिस भर्ती,15000
Travis Head,0
भगवत दयाल शर्मा,0
महावीर हनुमान,0
राष्ट्रीय पक्षी,0
ongc,0
#किसानगौरव_सम्मान_संतरामपालजी,186000
Visit Sa News YouTube,139000
Venezuela2.,9000000
Trump,3000000
#UmarKhalid,30000
#UlagamUngalKaiyil,67000
उमर खालिद,63000
कल्याण सिंह,17000
#HBDKanimozhi,15000
सौरभ द्विवेदी,0
#NacheNache,73000
Greenland,354000
मुरली मनोहर जोशी,0
Amorim,538000
पूर्व मुख्यमंत्री,15000
Lallantop,0
पवन सिंह,0
सोमनाथ मंदिर,26000
magh snan,25000
brahma muhurt,24000
America1.,4000000
Kisan Gaurav Samman,0
UAPA,26000
सुप्रीम कोर्ट,41000
Manchester United,256000
INEOS,66000
Ram Rahim,38000
राम रहीम,17000
Joe Root,16000
Supreme Court,100000
China,710000
सुशील कुमार मोदी,0
Russia,853000
Iran1.,3000000
Wilcox,36000
Cancelo,69000
मीरान हैदर,0
Cuba,556000
पूर्व राष्ट्रीय,0
शादाब अहमद,0
पुलिस भर्ती,15000
प्रधान संजय,0
राष्ट्रीय पक्षी,0
भगवत दयाल शर्मा,0
ONGC,0
Denmark,154000
प्रधान सुभाष,0
सीधी भर्ती,0
Fletcher,79000
राम अवतार शर्मा,0
#किसानगौरव_सम्मान_संतरामपालजी,186000
Visit Sa News YouTube,139000
Venezuela2.,9000000
Trump,3000000
#UmarKhalid,30000
#UlagamUngalKaiyil,67000
उमर खालिद,63000
कल्याण सिंह,17000
#HBDKanimozhi,15000
सौरभ द्विवेदी,0
#NacheNache,73000
Greenland,353000
मुरली मनोहर जोशी,0
Amorim,538000
पूर्व मुख्यमंत्री,15000
Lallantop,0
पवन सिंह,0
सोमनाथ मंदिर,26000
magh snan,25000
brahma muhurt,24000
America1.,4000000
Kisan Gaurav Samman,0
सुप्रीम कोर्ट,41000
UAPA,26000
Manchester United,256000
INEOS,66000
Ram Rahim,38000
राम रहीम,17000
Joe Root,16000
Supreme Court,100000
China,712000
सुशील कुमार मोदी,0
Russia,851000
Iran1.,3000000
Wilcox,36000
Cancelo,69000
मीरान हैदर,0
Cuba,556000
पूर्व राष्ट्रीय,0
शादाब अहमद,0
पुलिस भर्ती,15000
प्रधान संजय,0
राष्ट्रीय पक्षी,0
भगवत दयाल शर्मा,0
ONGC,0
Denmark,154000
प्रधान सुभाष,0
सीधी भर्ती,0
Fletcher,79000
राम अवतार शर्मा,0
#किसानगौरव_सम्मान_संतरामपालजी,185000
Visit Sa News YouTube,138000
Venezuela2.,8000000
Trump2.,9000000
#UmarKhalid,30000
#UlagamUngalKaiyil,67000
उमर खालिद,62000
कल्याण सिंह,17000
सौरभ द्विवेदी,0
#hbdkanimozhi,15000
#NacheNache,73000
Greenland,359000
मुरली मनोहर जोशी,0
Amorim,537000
पूर्व मुख्यमंत्री,15000
Lallantop,0
पवन सिंह,0
सोमनाथ मंदिर,26000
magh snan,25000
brahma muhurt,24000
America1.,4000000
सुप्रीम कोर्ट,41000
Kisan Gaurav Samman,0
Manchester United,255000
UAPA,26000
Joe Root,16000
INEOS,66000
राम रहीम,17000
Ram Rahim,38000
Supreme Court,99000
China,717000
Russia,871000
सुशील कुमार मोदी,0
Iran1.,3000000
Cancelo,65000
Wilcox,36000
Cuba,557000
मीरान हैदर,0
पूर्व राष्ट्रीय,0
शादाब अहमद,0
पुलिस भर्ती,15000
प्रधान संजय,0
भगवत दयाल शर्मा,0
राष्ट्रीय पक्षी,0
ONGC,0
Denmark,157000
Fletcher,79000
प्रधान सुभाष,0
सीधी भर्ती,0
सुनील ग्रोवर,0
#किसानगौरव_सम्मान_संतरामपालजी,184000
Visit Sa News YouTube,138000
Venezuela2.,5000000
Trump2.,6000000
#UmarKhalid,30000
#UlagamUngalKaiyil,66000
उमर खालिद,62000
कल्याण सिंह,17000
सौरभ द्विवेदी,0
#HBDKanimozhi,15000
#NacheNache,73000
Greenland,347000
मुरली मनोहर जोशी,0
Amorim,529000
पूर्व मुख्यमंत्री,15000
Lallantop,0
पवन सिंह,0
सोमनाथ मंदिर,25000
magh snan,25000
brahma muhurt,24000
America1.,4000000
सुप्रीम कोर्ट,40000
Kisan Gaurav Samman,0
UAPA,26000
Manchester United,250000
INEOS,65000
राम रहीम,17000
Joe Root,16000
Ram Rahim,38000
Supreme Court,97000
Bairstow,0
China,691000
Russia,839000
सुशील कुमार मोदी,0
Iran1.,3000000
Wilcox,36000
Cuba,540000
Cancelo,55000
मीरान हैदर,0
पूर्व राष्ट्रीय,0
शादाब अहमद,0
पुलिस भर्ती,15000
भगवत दयाल शर्मा,0
प्रधान संजय,0
Fletcher,77000
राष्ट्रीय पक्षी,0
ONGC,0
Denmark,151000
प्रधान सुभाष,0
सीधी भर्ती,0
#किसानगौरव_सम्मान_संतरामपालजी,184000
Visit Sa News YouTube,137000
Venezuela2.,3000000
Trump2.,4000000
#UmarKhalid,29000
#UlagamUngalKaiyil,66000
उमर खालिद,61000
कल्याण सिंह,17000
सौरभ द्विवेदी,0
#HBDKanimozhi,15000
#NacheNache,73000
Greenland,353000
मुरली मनोहर जोशी,0
Amorim,522000
पूर्व मुख्यमंत्री,15000
Lallantop,0
पवन सिंह,0
सोमनाथ मंदिर,25000
Kisan Gaurav Samman,0
Magh Snan,25000
Brahma Muhurt,24000
America1.,4000000
सुप्रीम कोर्ट,40000
UAPA,25000
Manchester United,245000
INEOS,64000
राम रहीम,17000
Joe Root,15000
Ram Rahim,38000
Supreme Court,96000
Bairstow,0
Russia,854000
China,700000
सुशील कुमार मोदी,0
Wilcox,36000
Iran1.,3000000
Cancelo,43000
Cuba,540000
मीरान हैदर,0
पूर्व राष्ट्रीय,0
शादाब अहमद,0
पुलिस भर्ती,15000
भगवत दयाल शर्मा,0
प्रधान संजय,0
Fletcher,74000
राष्ट्रीय पक्षी,0
ONGC,0
Denmark,153000
प्रधान सुभाष,0
प्रधान राजपाल,10000
#किसानगौरव_सम्मान_संतरामपालजी,183000
Visit Sa News YouTube,137000
सौरभ द्विवेदी,0
#FakeJournalistMahendrMahii,0
#NacheNache,72000
Bairstow,0
Cancelo,38000
Lallantop,0
#saurabhdwivedi,0
#CBFCDelaysJanaNayagan,106000
Reliance Foundation,0
Kisan Gaurav Samman,0
Kartik Aryan,0
Censor,68000
Flick,16000
Video Song,172000
राम अवतार शर्मा,0
INTO 2026 WITH MAAN,0
NATO,136000
Baland,0
भगवत दयाल शर्मा,0
इंडिया टुडे ग्रुप,0
प्रधान संजय,0
प्रधान राजपाल,10000
प्रधान श्री श्रीपाल,0
रामपाल महाराज,141000
मदद करी,0
Xavi,30000
गरीब मजदूर,0
Sant Rampal Ji Maharaj Ji,22000
वैभव सूर्यवंशी,0
प्रधान सुभाष,0
UNSC,0
The Sarpanch Association,0
WELCOME TIGERLYNX,105000
Raghu,0
सोमनाथ मंदिर,25000
गरीब परिवार,0
OG NFT,152000
JD Vance,78000
Barca,48000
FDFS,0
मानव जीवन,0
Rashford,17000
Denmark,156000
United Nations,49000
Sharjeel,72000
Fletcher,72000
#njdash,30000
#Viyana,0
#किसानगौरव_सम्मान_संतरामपालजी,183000
Visit Sa News YouTube,137000
सौरभ द्विवेदी,0
#FakeJournalistMahendrMahii,0
#NacheNache,71000
Bairstow,0
Lallantop,0
#CBFCDelaysJanaNayagan,105000
Cancelo,34000
#saurabhdwivedi,0
Reliance Foundation,0
Kisan Gaurav Samman,0
Yogi Adityanath,0
Kartik Aaryan,0
Censor,67000
Video Song,172000
Flick,15000
Rana Pratap Bairagi,0
राम अवतार शर्मा,0
Baland,0
INTO 2026 WITH MAAN,0
भगवत दयाल शर्मा,0
महाराज अन्नपूर्णा,0
इंडिया टुडे ग्रुप,0
प्रधान संजय,0
दहेज मुक्त समाज,0
प्रधान राजपाल,10000
प्रधान श्री श्रीपाल,0
रामपाल महाराज,141000
Sant Rampal Ji Maharaj Ji,0
NATO,131000
Sarpanch Nitin,0
मदद करी,0
गरीब मजदूर,0
वैभव सूर्यवंशी,0
चौधरी छोटूराम,0
प्रधान सुभाष,0
कृष्ण भगवान,10000
UNSC,0
The Sarpanch Association,0
WELCOME TIGERLYNX,102000
Raghu,0
सोमनाथ मंदिर,24000
Xavi,29000
गरीब परिवार,0
पुलिस भर्ती,15000
Jail,176000
OG NFT,152000
पवन सिंह,0
JD Vance,74000
#किसानगौरव_सम्मान_संतरामपालजी,182000
Visit Sa News YouTube,137000
सौरभ द्विवेदी,0
#FakeJournalistMahendrMahii,0
#NacheNache,69000
#CBFCDelaysJanaNayagan,103000
Lallantop,0
Bairstow,0
#saurabhdwivedi,0
Cancelo,28000
Kisan Gaurav Samman,0
Yogi Adityanath,0
Kartik Aaryan,0
Reliance Foundation,0
Censor,66000
Video Song,172000
Rana Pratap Bairagi,0
भगवत दयाल शर्मा,0
राम अवतार शर्मा,0
प्रधान राजपाल,10000
प्रधान संजय,0
मदद करी,0
इंडिया टुडे ग्रुप,0
Baland,0
महाराज अन्नपूर्णा,0
INTO 2026 WITH MAAN,0
दहेज मुक्त समाज,0
गरीब मजदूर,0
प्रधान सुभाष,0
रामपाल महाराज,141000
Sant Rampal Ji Maharaj Ji,22000
प्रधान श्री श्रीपाल,0
Sarpanch Nitin,0
वैभव सूर्यवंशी,0
चौधरी छोटूराम,0
शिरोमणि श्री रामपाल,0
कृष्ण भगवान,10000
UNSC,0
Rajpal Kalkal,0
The Sarpanch Association,0
राजस्थान विधानसभा,0
Raghu,0
Manchester United,231000
सोमनाथ मंदिर,24000
गरीब परिवार,0
WELCOME TIGERLYNX,98000
पुलिस भर्ती,15000
Jail,176000
OG NFT,152000
पवन सिंह,0
#किसानगौरव_सम्मान_संतरामपालजी,180000
Visit Sa News YouTube,134000
#FakeJournalistMahendrMahii,0
सौरभ द्विवेदी,0
#CBFCDelaysJanaNayagan,100000
#NacheNache,64000
Lallantop,0
#HapurPolice,0
Yogi Adityanath,0
Kisan Gaurav Samman,0
Video Song,171000
Censor,64000
Rana Pratap Bairagi,0
भगवत दयाल शर्मा,0
Reliance Foundation,0
राम अवतार शर्मा,0
प्रधान राजपाल,10000
मदद करी,0
प्रधान संजय,0
दहेज मुक्त समाज,0
Kartik Aryan,0
Baland,0
महाराज अन्नपूर्णा,0
इंडिया टुडे ग्रुप,0
प्रधान सुभाष,0
Sant Rampal Ji Maharaj Ji,22000
Sarpanch Nitin,0
सुप्रीम कोर्ट,38000
Cancelo,21000
रामपाल महाराज,140000
गरीब मजदूर,0
वैभव सूर्यवंशी,0
प्रधान श्री श्रीपाल,0
INTO 2026 WITH MAAN,0
चौधरी छोटूराम,0
उमर खालिद,55000
शिरोमणि श्री रामपाल,0
कृष्ण भगवान,10000
Rajpal Kalkal,0
Amorim,479000
राजस्थान विधानसभा,0
MasterChef India,0
The Sarpanch Association,0
UNSC,0
Manchester United,226000
गरीब परिवार,0
पुलिस भर्ती,14000
सोमनाथ मंदिर,23000
Jail,175000
Raghu,0
#किसानगौरव_सम्मान_संतरामपालजी,180000
Visit Sa News YouTube,134000
#FakeJournalistMahendrMahii,0
सौरभ द्विवेदी,0
#CBFCDelaysJanaNayagan,100000
#NacheNache,64000
Lallantop,0
#HapurPolice,0
Yogi Adityanath,0
Kisan Gaurav Samman,0
Video Song,171000
Censor,64000
Rana Pratap Bairagi,0
भगवत दयाल शर्मा,0
Reliance Foundation,0
राम अवतार शर्मा,0
प्रधान राजपाल,10000
मदद करी,0
प्रधान संजय,0
दहेज मुक्त समाज,0
Kartik Aryan,0
Baland,0
महाराज अन्नपूर्णा,0
इंडिया टुडे ग्रुप,0
प्रधान सुभाष,0
Sant Rampal Ji Maharaj Ji,22000
Sarpanch Nitin,0
सुप्रीम कोर्ट,38000
Cancelo,21000
रामपाल महाराज,140000
गरीब मजदूर,0
वैभव सूर्यवंशी,0
प्रधान श्री श्रीपाल,0
चौधरी छोटूराम,0
INTO 2026 WITH MAAN,0
उमर खालिद,55000
शिरोमणि श्री रामपाल,0
कृष्ण भगवान,10000
Rajpal Kalkal,0
Amorim,479000
राजस्थान विधानसभा,0
MasterChef India,0
The Sarpanch Association,0
UNSC,0
Manchester United,226000
गरीब परिवार,0
साउथ अफ्रीका,0
पुलिस भर्ती,14000
सोमनाथ मंदिर,23000
Jail,175000
#किसानगौरव_सम्मान_संतरामपालजी,173000
Visit Sa News YouTube,130000
सौरभ द्विवेदी,0
#CBFCDelaysJanaNayagan,92000
#HapurPolice,0
Yogi Adityanath,0
#NacheNache,56000
Lallantop,0
#saurabhdwivedi,0
Kisan Gaurav Samman,0
Video Song,169000
भगवत दयाल शर्मा,0
Rana Pratap Bairagi,0
प्रधान संजय,0
प्रधान राजपाल,0
मदद करी,0
राम अवतार शर्मा,0
रामपाल महाराज,137000
प्रधान सुभाष,0
Baland,0
महाराज अन्नपूर्णा,0
प्रधान श्री श्रीपाल,0
दहेज मुक्त समाज,0
चौधरी छोटूराम,0
Sant Rampal Ji Maharaj Ji,22000
सुप्रीम कोर्ट,36000
Censor,58000
वैभव सूर्यवंशी,0
Sarpanch Nitin,0
The Sarpanch Association,0
पुलिस भर्ती,14000
Kartik Aryan,0
कृष्ण भगवान,0
उमर खालिद,51000
गरीब मजदूर,0
शिरोमणि श्री रामपाल,0
Rajpal Kalkal,0
Amorim,468000
इंडिया टुडे ग्रुप,0
MasterChef India,0
राजस्थान विधानसभा,0
गरीब परिवार,0
UNSC,0
साउथ अफ्रीका,0
पवन सिंह,0
Supreme Court,85000
सोमनाथ मंदिर,22000
ONGC,0
Glasner,13000
Ohio,73000
#किसानगौरव_सम्मान_संतरामपालजी,162000
Visit Sa News YouTube,121000
#HapurPolice,0
सौरभ द्विवेदी,0
#CBFCDelaysJanaNayagan,77000
Yogi Adityanath,0
#UddhavInsultsMarathiManus,0
Lallantop,0
Kisan Gaurav Samman,0
#saurabhdwivedi,0
प्रधान संजय,0
भगवत दयाल शर्मा,0
प्रधान सुभाष,0
प्रधान राजपाल,0
दहेज मुक्त समाज,0
राम अवतार शर्मा,0
Sant Rampal Ji Maharaj Ji,21000
महाराज अन्नपूर्णा,0
रामपाल महाराज,130000
वैभव सूर्यवंशी,0
Baland,0
चौधरी छोटूराम,0
सुप्रीम कोर्ट,34000
मदद करी,0
MasterChef India,0
पुलिस भर्ती,14000
The Sarpanch Association,0
प्रधान श्री श्रीपाल,0
Amorim,441000
कृष्ण भगवान,0
उमर खालिद,47000
गरीब मजदूर,0
Sarpanch Nitin,0
शिरोमणि श्री रामपाल,0
INEOS,56000
Rajpal Kalkal,0
पवन सिंह,0
साउथ अफ्रीका,0
गरीब परिवार,0
Supreme Court,81000
ONGC,0
Fletcher,63000
सीधी भर्ती,0
Censor,50000
Xavi,25000
मानव जीवन,0
Glasner,12000
Ohio,67000
UNSC,0
UAPA,22000
#किसानगौरव_सम्मान_संतरामपालजी,135000
Visit Sa News YouTube,97000
#CBFCDelaysJanaNayagan,54000
सौरभ द्विवेदी,0
#UddhavInsultsMarathiManus,0
Lallantop,0
Kisan Gaurav Samman,0
#JDVance,0
MasterChef India,0
#UmarKhalidBailPlea,0
Saurabh Dwivedi,0
प्रधान संजय,0
भगवत दयाल शर्मा,0
राम अवतार शर्मा,0
प्रधान सुभाष,0
Sant Rampal Ji Maharaj Ji,19000
प्रधान राजपाल,0
पुलिस भर्ती,12000
दहेज मुक्त समाज,0
Sony TV,0
Amorim,424000
प्रधान श्री श्रीपाल,0
सुप्रीम कोर्ट,32000
Baland,0
महाराज अन्नपूर्णा,0
रामपाल महाराज,115000
मदद करी,0
वैभव सूर्यवंशी,0
Manchester United,203000
The Sarpanch Association,0
कृष्ण भगवान,0
उमर खालिद,41000
INEOS,54000
Sarpanch Nitin,0
Rajpal Kalkal,0
चौधरी छोटूराम,0
Supreme Court,78000
गरीब मजदूर,0
Censor,43000
Xavi,23000
पवन सिंह,0
सीधी भर्ती,0
Fletcher,60000
मानव जीवन,0
गरीब परिवार,0
Glasner,11000
Ohio,63000
ONGC,0
नागरिक पुलिस,0
UAPA,21000
#किसानगौरव_सम्मान_संतरामपालजी,135000
Visit Sa News YouTube,97000
#CBFCDelaysJanaNayagan,54000
सौरभ द्विवेदी,0
#UddhavInsultsMarathiManus,0
Lallantop,0
Kisan Gaurav Samman,0
#JDVance,0
MasterChef India,0
#UmarKhalidBailPlea,0
Saurabh Dwivedi,0
प्रधान संजय,0
भगवत दयाल शर्मा,0
राम अवतार शर्मा,0
प्रधान सुभाष,0
Sant Rampal Ji Maharaj Ji,19000
प्रधान राजपाल,0
पुलिस भर्ती,12000
दहेज मुक्त समाज,0
Sony TV,0
Amorim,424000
प्रधान श्री श्रीपाल,0
सुप्रीम कोर्ट,32000
Baland,0
महाराज अन्नपूर्णा,0
रामपाल महाराज,115000
मदद करी,0
वैभव सूर्यवंशी,0
Manchester United,203000
The Sarpanch Association,0
कृष्ण भगवान,0
उमर खालिद,41000
INEOS,54000
Sarpanch Nitin,0
Rajpal Kalkal,0
चौधरी छोटूराम,0
Supreme Court,78000
गरीब मजदूर,0
Censor,43000
Xavi,23000
पवन सिंह,0
सीधी भर्ती,0
Fletcher,60000
मानव जीवन,0
गरीब परिवार,0
Glasner,11000
Ohio,63000
ONGC,0
नागरिक पुलिस,0
UAPA,21000
